,WAL,ARG,IRE,NZL,ENG,FIJ,FRA,RSA
WAL,,0.417737,0.0365055,0.035347,0.4236165,0.4106585,0.058845,0.0557735
ARG,0.582263,,0.0524685,0.049437,0.4972655,0.4971925,0.0790445,0.0733815
IRE,0.9634945,0.9475315,,0.31814,0.9302625,0.942514,0.478149,0.446562
NZL,0.964653,0.950563,0.68186,,0.943706,0.950378,0.6403955,0.62227
ENG,0.5763835,0.5027345,0.0697375,0.056294,,0.49326,0.0893345,0.080699
FIJ,0.5893415,0.5028075,0.057486,0.049622,0.50674,,0.079119,0.0760775
FRA,0.941155,0.9209555,0.521851,0.3596045,0.9106655,0.920881,,0.470766
RSA,0.9442265,0.9266185,0.553438,0.37773,0.919301,0.9239225,0.529234,
