,COL,PA,GWS,BL,MEL,CAR
COL,,0.6955435,0.7224249,0.510314,0.5665411,0.7044789
PA,0.3044565,,0.5433493,0.3084333,0.3566353,0.50451
GWS,0.2775751,0.4566507,,0.2817643,0.3246258,0.4593263
BL,0.489686,0.6915667,0.7182357,,0.5568015,0.6999276
MEL,0.4334589,0.6433647,0.6753742,0.4431985,,0.6512969
CAR,0.2955211,0.49549,0.5406737,0.3000724,0.3487031,
